client_name,prompt_id,prompt_text,appearances,appearance_percent,avg_position,avg_sentiment,raw_responses,timestamp
Saddle Creek Orthodontics,1,Who is the best Invisalign provider in Memphis?,0,0.0,,0.24513208828307445,"As an AI, I cannot definitively name the ""best"" Invisalign provider in Memphis, as ""best"" is subjective and depends on individual needs, preferences, and specific dental situations. I also cannot endorse specific medical practices.

However, I can guide you on how to find the best provider *for you* in Memphis and what factors to consider:

**Key Factors to Consider When Choosing an Invisalign Provider:**

1.  **Orthodontist vs. General Dentist:**
    *   **Orthodontists** specialize in tooth and jaw alignment and have 2-3 additional years of specialized training beyond dental school. They focus solely on orthodontics. For complex cases, an orthodontist is often recommended.
    *   **General Dentists** can also be certified to provide Invisalign. They may be a good choice for simpler cases or if you prefer to have all your dental work done in one office.
    *   **Recommendation:** For any significant orthodontic treatment, consulting with an orthodontist is generally advisable due to their specialized training and experience.

2.  **Invisalign Provider Tiers:**
    *   Invisalign assigns tiers to providers based on the number of cases they've completed annually. These tiers include Bronze, Silver, Gold, Platinum, Platinum Elite, Diamond, and Diamond Elite.
    *   Higher tiers (Platinum, Diamond, Diamond Elite) indicate a higher volume of experience with Invisalign cases. This can be a good indicator of their proficiency.

3.  **Experience and Case Volume:**
    *   How many Invisalign cases has the provider completed?
    *   How long have they been offering Invisalign?
    *   Do they have experience with cases similar to yours?

4.  **Technology:**
    *   Does the office use an iTero digital scanner for impressions (instead of messy physical molds)? This offers greater accuracy and comfort.
    *   Do they use other advanced diagnostic tools?

5.  **Patient Reviews and Testimonials:**
    *   Check online reviews (Google, Yelp, Healthgrades, Facebook) for what other patients say about their experience, results, staff friendliness, and professionalism.

6.  **Consultation Process:**
    *   A good provider will offer a thorough initial consultation, often free or at a reduced cost.
    *   They should explain the treatment plan in detail, discuss expected outcomes, potential challenges, and answer all your questions.
    *   They should show you ""before and after"" photos of their own Invisalign patients.
    *   They should use the iTero scanner to show you a simulated outcome of your teeth with the ""ClinCheck"" software.

7.  **Cost and Payment Options:**
    *   Inquire about the total cost of treatment, what's included (e.g., retainers, refinements, initial consultation, follow-up visits), and any hidden fees.
    *   Ask about payment plans, financing options, and if they accept your dental insurance.

8.  **Office Environment and Staff:**
    *   Is the office clean and modern?
    *   Are the staff friendly, professional, and helpful?
    *   Do you feel comfortable and listened to?

**How to Start Your Search in Memphis:**

1.  **Use the Official Invisalign ""Find a Doctor"" Tool:**
    *   Go to the official Invisalign website ([www.invisalign.com](http://www.invisalign.com)).
    *   Use their ""Find a Doctor"" tool, enter ""Memphis, TN"" and filter by orthodontist or general dentist, and check their provider tiers.

2.  **Check Local Directories & Reviews:**
    *   Google ""Invisalign Memphis TN"" or ""Orthodontist Memphis TN.""
    *   Look at providers with high ratings and a good number of reviews.

3.  **Schedule Multiple Consultations:**
    *   It's highly recommended to schedule consultations with 2-3 different providers. This allows you to compare their approaches, costs, and personalities to see who is the best fit for *you*.

By following these steps and asking the right questions, you'll be well-equipped to find an excellent Invisalign provider in Memphis that meets your specific needs. ||| It's challenging to name a single ""best"" Invisalign provider in Memphis because ""best"" can be subjective and depends on individual needs, preferences, budget, and specific orthodontic challenges. What's best for one person might not be best for another.

However, I can give you guidance on how to find the *best provider for you* in Memphis, along with some highly-regarded options known for their expertise in Invisalign.

**Key Factors to Consider When Choosing an Invisalign Provider:**

1.  **Orthodontist vs. General Dentist:**
    *   **Orthodontists** are specialists who have completed additional years of training specifically in orthodontics after dental school. They focus solely on aligning teeth and jaws. While many general dentists offer Invisalign, orthodontists typically have more extensive experience and expertise in complex tooth movements and bite correction. For more involved cases, an orthodontist is generally recommended.

2.  **Experience & Certification Level:**
    *   Invisalign recognizes providers based on the number of cases they've treated annually. Look for providers with higher tiers:
        *   **Diamond Plus, Diamond, Platinum, Gold** are common tiers. A Diamond Plus or Diamond provider has treated a significant number of cases, indicating extensive experience. You can often find this information on the provider's website or the Invisalign ""Find a Doctor"" tool.

3.  **Technology:**
    *   Does the office use an **iTero scanner**? This allows for digital impressions, which are more comfortable and accurate than traditional goopy molds, and can show you a simulation of your potential results.
    *   Do they offer remote monitoring options (e.g., DentalMonitoring)? This can reduce the number of in-office visits.

4.  **Patient Reviews & Reputation:**
    *   Check online reviews on Google, Yelp, Zocdoc, and their social media pages. Look for comments on:
        *   The doctor's skill and bedside manner.
        *   The professionalism and friendliness of the staff.
        *   Clear communication about treatment plans and costs.
        *   Overall patient satisfaction with results.

5.  **Comfort & Communication:**
    *   You'll be visiting this office regularly for an extended period. It's crucial that you feel comfortable with the doctor and the entire team. Do they listen to your concerns? Do they explain things clearly?

6.  **Cost & Financing Options:**
    *   Invisalign costs can vary. Get a clear breakdown of the total cost, what it includes (retainers, refinements), and what payment plans or financing options are available. Do they accept your insurance?

7.  **Comprehensive Consultation:**
    *   Most reputable providers offer a free initial consultation. Use this opportunity to:
        *   Meet the doctor and staff.
        *   Discuss your goals and concerns.
        *   Get a personalized treatment plan and estimated timeline.
        *   Understand the total cost.
        *   Ask all your questions.
        *   **Consider getting consultations from 2-3 different providers** to compare approaches and find the best fit.

---

**Highly-Regarded Invisalign Providers in Memphis (Based on Reputation & Online Presence):**

While I cannot definitively name the ""best,"" here are some orthodontic practices in Memphis that often receive high ratings and are known for their Invisalign expertise:

*   **Calabro & Associates Orthodontics (Dr. Chris Calabro):** Often mentioned as a leading Invisalign provider in the area, with a high tier of experience.
*   **Orthodontic Arts (Dr. Robert Lee):** Another well-respected practice known for modern techniques and patient-focused care, including Invisalign.
*   **Southeastern Orthodontics:** A larger practice with multiple convenient locations and several experienced orthodontists who offer Invisalign.
*   **Memphis Orthodontic Specialists (Dr. Scott Hood):** Also highly rated for comprehensive orthodontic care, including Invisalign.

**Your Next Steps:**

1.  **Visit the Invisalign ""Find a Doctor"" Tool:** Go to the official Invisalign website and use their ""Find a Doctor"" tool. You can search by zip code and filter by provider tier (e.g., Diamond Plus).
2.  **Check Websites & Read Reviews:** Visit the websites of the practices mentioned above and any others you find. Look at their ""About Us"" sections, read patient testimonials, and check their Google reviews.
3.  **Schedule Consultations:** Contact a few offices and schedule those free initial consultations. This is truly the best way to determine which provider feels right for *you*.

Good luck with your search for the perfect Invisalign provider in Memphis!",2025-11-13 15:05:09.079495
Saddle Creek Orthodontics,2,Where can I find Invisalign for teens in Memphis?,0,0.0,,0.19780105311355312,"You'll find many excellent orthodontists and some general dentists in Memphis, TN, who are certified to provide Invisalign, including the specific **Invisalign Teen** product.

Here's the best way to find a provider and some examples:

**1. Use the Official Invisalign ""Find a Doctor"" Tool:**
*   Go to [Invisalign.com/find-a-doctor](https://www.invisalign.com/find-a-doctor)
*   Enter ""Memphis, TN"" in the location field.
*   You can often filter by specific criteria, though ""Invisalign Teen"" is usually offered by providers who treat adolescents. This tool will show you doctors, their experience level (e.g., Diamond Plus, Diamond, Gold), and contact information.

**2. Reputable Orthodontic Practices in Memphis Known to Offer Invisalign:**
While I can't guarantee every single one offers Invisalign Teen specifically without checking their current listings, these practices are well-regarded and very likely do:

*   **Memphis Orthodontic Specialists:** They have multiple locations and are a very prominent orthodontic group in the area, offering a full range of services including Invisalign.
*   **Wilson & Wilson Orthodontics:** Another highly-rated practice known for modern orthodontic solutions.
*   **Ortho South:** A large practice with several locations that typically offers Invisalign as a key treatment option.
*   **Gill Orthodontics:** Well-established practice providing comprehensive orthodontic care.
*   **Nahai Orthodontics:** Often mentioned for their patient-centered approach and modern techniques.

**When choosing a provider, consider:**

*   **Experience with Teens:** Ask about their specific experience treating teenagers with Invisalign.
*   **Consultation:** Most orthodontists offer a free initial consultation where you can discuss your teen's specific needs, treatment options, and cost.
*   **Reviews & Testimonials:** Check Google reviews, Yelp, and their website for patient feedback.
*   **Location & Convenience:** Consider a practice that's conveniently located for school and home.
*   **Technology:** Many use iTero digital scanners, which make the impression process much more comfortable.
*   **Payment Options:** Inquire about financing plans and what insurance they accept.

I recommend scheduling consultations with a few different offices to find the best fit for your teen's needs and your family's preferences. ||| You have several excellent options for orthodontists offering Invisalign for teens in Memphis! Most orthodontic practices are well-equipped to handle adolescent cases and offer Invisalign Teen.

Here's how you can find a provider and some highly-regarded options in the Memphis area:

**1. Use the Official Invisalign Doctor Locator (Recommended First Step):**
*   Go to the official Invisalign website: [https://www.invisalign.com/](https://www.invisalign.com/)
*   Click on ""Find a Doctor"" or a similar link.
*   Enter ""Memphis, TN"" or your specific zip code.
*   You can often filter by ""Invisalign Teen Provider"" or see the doctor's experience level with Invisalign. This is the most reliable way to find certified providers.

**2. Highly-Regarded Orthodontists in Memphis Who Offer Invisalign for Teens:**

Here are a few practices known for their work with teens and offering Invisalign:

*   **Bellevue Orthodontics**
    *   **Why:** They specialize in orthodontics for children, teens, and adults, and are a popular choice in Memphis. They frequently highlight Invisalign as a treatment option.
    *   **Locations:** Multiple locations (e.g., East Memphis, Germantown) making them convenient for various parts of the city and surrounding areas.
    *   **Website:** You can find more info on their services and locations by searching for ""Bellevue Orthodontics Memphis.""

*   **Haney Orthodontics**
    *   **Why:** Dr. Haney is a well-known orthodontist in the area with a focus on creating beautiful smiles for all ages, including teenagers.
    *   **Location:** Primarily in Germantown, which is accessible to many Memphis residents.
    *   **Website:** Search for ""Haney Orthodontics Memphis.""

*   **Patterson Orthodontics**
    *   **Why:** Dr. Patterson and his team offer comprehensive orthodontic care, including Invisalign for teens and adults, with a focus on a comfortable patient experience.
    *   **Location:** East Memphis.
    *   **Website:** Search for ""Patterson Orthodontics Memphis.""

*   **Memphis Orthodontic Specialists**
    *   **Why:** A well-established practice with multiple doctors and locations, offering a wide range of orthodontic treatments including Invisalign.
    *   **Locations:** Multiple offices across the Memphis area.
    *   **Website:** Search for ""Memphis Orthodontic Specialists.""

**Tips for Choosing an Orthodontist:**

1.  **Schedule Consultations:** Most orthodontists offer free initial consultations. This is your chance to meet the doctor, discuss your teen's specific needs, ask questions about Invisalign Teen, see their office, and get a feel for their team.
2.  **Ask About Experience:** Inquire about their experience with Invisalign Teen specifically.
3.  **Cost and Payment Plans:** Discuss the total cost, what it includes (retainers, follow-up visits), and available payment plans.
4.  **Insurance:** Confirm they accept your dental insurance and how much coverage you can expect for orthodontic treatment.
5.  **Reviews:** Read online reviews (Google, Yelp, Healthgrades) to get an idea of other patients' experiences.
6.  **Convenience:** Consider the location and office hours, especially for regular appointments.

Good luck with your search! Invisalign Teen can be a fantastic option for adolescents.",2025-11-13 15:05:29.064231
Saddle Creek Orthodontics,3,Affordable Invisalign in Memphis for someone with payment plans.,0,0.0,,0.1435530121831492,"Finding affordable Invisalign with payment plans in Memphis is definitely possible! Many dental and orthodontic practices understand the financial investment and offer flexible options.

Here's a strategy to help you find the best fit:

**1. Understand What ""Affordable"" Means to You & Key Cost Factors:**

*   **Case Complexity:** Simple corrections (minor crowding, small gaps) might qualify for Invisalign Express or Lite, which are fewer trays and generally less expensive. More complex cases require full Invisalign.
*   **Provider Experience:** Highly experienced (Diamond/Platinum Plus providers) often have competitive pricing due to volume, but don't rule out newer providers who might offer introductory rates.
*   **What's Included:** Ensure the quoted price includes everything: initial consultation, all aligner trays, refinements (additional trays needed if teeth don't track perfectly), retainers, and follow-up appointments.

**2. Key Strategies for Affordability & Payment Plans:**

*   **In-House Payment Plans:** Most orthodontists and dentists offer these. They typically involve:
    *   A down payment (can range from $0 to several hundred dollars).
    *   Monthly interest-free payments spread over the treatment duration (e.g., 12-24 months).
    *   **This is usually your best bet for avoiding interest.**
*   **Third-Party Financing (CareCredit):** This is a popular option. It functions like a credit card specifically for healthcare. Many providers offer promotional periods with 0% APR for 6, 12, 18, or even 24 months. If you pay off the balance within that period, it's interest-free.
*   **Dental Insurance:** While many dental insurances don't cover adult orthodontics completely, some plans offer a lifetime maximum benefit for orthodontics (e.g., $1,000 - $3,000). Always check your specific plan.
*   **Flexible Spending Accounts (FSA) / Health Savings Accounts (HSA):** If you have an FSA or HSA through your employer, you can use these pre-tax dollars to pay for Invisalign, which effectively saves you money.
*   **Promotions and Discounts:** Ask about any current specials for new patients, holiday promotions, or cash payment discounts.
*   **Invisalign Express/Lite:** If your case is minor, inquire if you're a candidate for these shorter, often less expensive versions of Invisalign.

**3. How to Find Providers in Memphis Who Offer Payment Plans:**

*   **Use the Official Invisalign Doctor Locator:**
    *   Go to **provider.invisalign.com/locate**
    *   Enter ""Memphis, TN""
    *   You can filter by ""Elite Providers"" (Gold, Platinum, Diamond) who have more experience.
    *   **Crucially, call several of these offices.**
*   **Google Search:** Search for:
    *   ""Affordable Invisalign Memphis""
    *   ""Invisalign payment plans Memphis""
    *   ""Orthodontist Memphis payment options""
    *   ""Dentist Invisalign Memphis CareCredit""
*   **Read Reviews:** Look for reviews that mention the financial aspects of treatment or helpful staff regarding billing.
*   **Ask for Recommendations:** Friends, family, or colleagues who have had Invisalign in Memphis might have great recommendations.

**4. Practices in Memphis (Examples - Always Call to Verify!):**

While I can't guarantee current pricing or specific payment plans without you contacting them, many reputable practices in Memphis are known for offering Invisalign and various financial options. Here are a few to start your research:

*   **Memphis Orthodontic Specialists (Multiple Locations):** Often have a dedicated financial coordinator and offer various payment plans.
*   **Mid-South Orthodontics (Multiple Locations):** Similar to above, large practices tend to be flexible.
*   **Dental Associates of Memphis (Multiple Locations):** Many general dentistry practices now offer Invisalign and usually have payment options.
*   **Memphis Center for Aesthetic Dentistry:** Often provides cosmetic services, including Invisalign, and understands financing needs.
*   **Germantown Orthodontics / Bartlett Orthodontics / Lakeland Orthodontics:** If you're open to surrounding areas, these can also be good options.

**5. What to Ask During Your Consultation:**

When you call or visit for a consultation (most initial consultations for Invisalign are free):

*   ""What is the total cost of Invisalign for my specific case?""
*   ""What does that price include (trays, refinements, retainers, follow-ups)?""
*   ""What in-house payment plans do you offer? What's the typical down payment and monthly cost for a [X]-month plan?""
*   ""Do you accept CareCredit? What are the interest-free periods available?""
*   ""Do you offer any discounts for paying in full, or for specific promotions?""
*   ""Do you work with dental insurance? Can you help me understand my benefits?""
*   ""Am I a candidate for Invisalign Express or Lite, which might be a lower cost?""

By contacting a few different providers and comparing their treatment plans and financial options, you should be able to find affordable Invisalign with a payment plan that works for your budget in Memphis. Good luck! ||| Getting affordable Invisalign with a payment plan in Memphis is definitely achievable! Most orthodontists understand that patients need flexible financing options. Here's a comprehensive guide to help you find a provider that fits your budget:

### Understanding Invisalign Costs & Payment Plans

1.  **Typical Cost Range:** In the US, Invisalign can range from **$3,000 to $8,000**, depending on the complexity of your case, the length of treatment, and the specific provider. ""Express"" or ""Lite"" versions for minor corrections can be less.
2.  **Payment Plans are Standard:** The vast majority of orthodontists offer in-house payment plans. This is a very common way for people to afford treatment.

### Strategies to Find Affordable Invisalign with Payment Plans in Memphis:

#### 1. Start with Multiple Consultations (FREE!):
This is the single most important step. Most orthodontists offer free initial consultations. Use these to:
*   **Get a Diagnosis and Quote:** Understand the recommended treatment plan and its exact cost.
*   **Discuss Payment Options:** This is where you bring up your need for payment plans directly.
*   **Compare:** Don't stop at one! Get 2-3 consultations to compare pricing, treatment approaches, and financing options.

#### 2. In-House Payment Plans (Most Common & Recommended):
*   **How they work:** After an initial down payment (which can sometimes be waived or minimized), you'll make monthly installments over the course of your treatment (or sometimes even longer).
*   **Interest-Free:** Many practices offer interest-free payment plans, making them very attractive.
*   **Negotiate:** Don't be afraid to discuss the down payment amount or the monthly payment if it's slightly out of your comfort zone. Practices want to help you get treatment.

#### 3. Third-Party Financing Options:
*   **CareCredit:** This is a popular healthcare credit card used for medical and dental expenses. They often offer special financing options, including interest-free periods if paid in full within a certain timeframe (e.g., 6, 12, 18, or 24 months). If you don't pay it off in time, interest can be high, so read the terms carefully.
*   **LendingClub:** Another option for personal medical loans, sometimes with more structured repayment terms.

#### 4. Check Your Dental Insurance:
*   **Orthodontic Benefit:** Many dental insurance plans offer an orthodontic benefit, which can contribute a lump sum (e.g., $1,000 - $2,500) towards your treatment, regardless of whether it's braces or Invisalign.
*   **Lifetime Max:** This benefit usually has a lifetime maximum, meaning once it's used up, it's gone.
*   **The provider's office** can usually help you verify your benefits.

#### 5. Use FSA/HSA Funds:
*   If you have a Flexible Spending Account (FSA) or Health Savings Account (HSA) through your employer, you can use these tax-advantaged funds to pay for Invisalign treatment.

#### 6. Look for Specials & Discounts:
*   **New Patient Offers:** Some practices offer discounts for new patients.
*   **Seasonal Promotions:** Keep an eye out for promotions around holidays or specific times of the year.
*   **Pay-in-Full Discount:** If you *can* pay a larger portion or the full amount upfront, some offices offer a discount for that.

#### 7. Consider a Dental School (UTHSC College of Dentistry):
*   **University of Tennessee Health Science Center College of Dentistry** in Memphis offers an orthodontic residency program. Treatment provided by residents (under the close supervision of experienced orthodontists) can sometimes be significantly more affordable than private practice.
*   **Potential Drawbacks:** Treatment might take longer, and appointments might be less flexible. However, the quality of care is high due to the supervision. It's worth inquiring about their patient program.

### How to Find Providers in Memphis Offering Payment Plans:

1.  **Google Search:** Use terms like:
    *   ""Invisalign Memphis payment plans""
    *   ""Affordable Invisalign Memphis""
    *   ""Orthodontist Memphis interest-free payment plans""
    *   ""Invisalign specials Memphis""
2.  **Invisalign ""Find a Doctor"" Tool:** Visit the official Invisalign website and use their ""Find a Doctor"" tool. You can search by zip code in Memphis. Once you have a list, visit their individual websites or call them directly.
3.  **Read Reviews:** Look for reviews that mention positive experiences with pricing and financial flexibility.
4.  **Call Directly:** When you call for a consultation, you can upfront ask, ""Do you offer in-house, interest-free payment plans for Invisalign?"" This will quickly filter out offices that don't meet your primary need.

### Questions to Ask During Your Consultations:

*   ""What is the total cost of my Invisalign treatment?""
*   ""What payment plan options do you offer?""
*   ""Is there a required down payment, and what are the monthly payments like?""
*   ""Are your payment plans interest-free?""
*   ""Do you work with CareCredit or other third-party financing?""
*   ""Do you offer any discounts for paying a larger portion upfront, or for new patients?""
*   ""How do you handle dental insurance for orthodontics? Can you help me verify my benefits?""
*   ""What is included in the quoted price (e.g., retainers, follow-up appointments, refinements)?""

By actively researching and asking the right questions, you'll be able to find an excellent Memphis orthodontist who can provide affordable Invisalign with a manageable payment plan!",2025-11-13 15:05:55.986367
Saddle Creek Orthodontics,4,Looking for Invisalign options in Memphis that are with payment plans.,0,0.0,,0.1998924282031243,"You're in luck! Most orthodontic practices in Memphis that offer Invisalign understand the investment involved and provide various payment options to make it more affordable.

Here are some highly-rated Invisalign providers in Memphis and the surrounding area that are known for offering flexible payment plans:

**Top Orthodontic Practices in Memphis with Payment Options:**

1.  **Oakhaven Orthodontics**
    *   **What they offer:** Dr. Oakhaven's practice is well-regarded for Invisalign. They typically offer in-house payment plans, work with third-party financing like CareCredit, and help maximize insurance benefits.
    *   **Location:** Multiple locations in Memphis.
    *   **Recommendation:** Visit their website or call to schedule a free consultation and discuss financial options directly.

2.  **Wyatt Orthodontics**
    *   **What they offer:** Dr. Wyatt and his team are known for personalized care and excellent results with Invisalign. They generally offer flexible financing options, including no-interest in-house plans and third-party options.
    *   **Location:** East Memphis.
    *   **Recommendation:** Their website usually has a ""Financial"" or ""Payment Options"" page, and they're very transparent during consultations.

3.  **Memphis Orthodontic Specialists**
    *   **What they offer:** A well-established practice with multiple doctors, offering comprehensive orthodontic treatment including Invisalign. They are accustomed to working with patients on payment plans and insurance.
    *   **Location:** Multiple locations in Memphis and the surrounding areas.
    *   **Recommendation:** Schedule a consultation to get a customized quote and explore their financing choices.

4.  **Orthodontic Arts**
    *   **What they offer:** Dr. Getman's practice provides Invisalign for teens and adults. They emphasize making treatment affordable and typically offer interest-free payment plans, discounts for full payment, and accept CareCredit.
    *   **Location:** East Memphis.
    *   **Recommendation:** Check their website for details on financing or give them a call.

5.  **Burkman Orthodontics**
    *   **What they offer:** Dr. Burkman offers Invisalign and is known for a modern, patient-focused approach. They will almost certainly have various payment options, including monthly installments.
    *   **Location:** Bartlett (close to Memphis).
    *   **Recommendation:** A popular choice for those in the greater Memphis area, definitely worth contacting.

6.  **Germantown Orthodontics**
    *   **What they offer:** While technically in Germantown, they serve many Memphis residents. They are a large practice with a strong focus on patient experience and affordability, offering various payment solutions.
    *   **Location:** Germantown.
    *   **Recommendation:** Another excellent option for those willing to travel a short distance.

**General Information on Payment Plans for Invisalign:**

When you inquire about Invisalign and payment plans, here's what to expect and what to ask:

*   **Free Consultations:** Most orthodontists offer a free initial consultation where they assess your needs, explain the treatment, and discuss the total cost.
*   **In-House Financing:** Many practices offer their own payment plans. This typically involves a down payment followed by interest-free monthly installments spread over the estimated treatment time (e.g., 12-24 months).
*   **Third-Party Financing:** Companies like **CareCredit** and **LendingClub** are popular options. These offer various payment plans, including some with promotional 0% interest for a certain period, or longer-term plans with interest.
*   **Insurance:** If your dental insurance includes orthodontic benefits, the office staff will help you understand and utilize those benefits, which can significantly reduce your out-of-pocket cost.
*   **Discounts:** Some offices offer a discount if you pay for the entire treatment upfront.
*   **What to Ask:**
    *   What is the total cost of Invisalign treatment?
    *   What are the down payment requirements?
    *   What are the monthly payment amounts and terms?
    *   Is there any interest on the payment plan?
    *   Do you work with my dental insurance?
    *   Are retainers included in the total cost, or is that an additional fee?
    *   What happens if my treatment takes longer than expected?

**Your Best Next Steps:**

1.  **Choose 2-3 practices** from the list above (or others you find with good reviews) that are convenient for you.
2.  **Schedule a free consultation** with each.
3.  **During the consultation, be open about your budget concerns** and specifically ask about their Invisalign payment plans and financing options.
4.  **Compare not just the price, but also the treatment plan, the estimated duration, the doctor's experience, and the overall feel of the office.**

By doing this, you'll be able to find a great provider in Memphis that offers Invisalign with a payment plan that fits your budget! ||| It's great you're looking into Invisalign! Many orthodontists in Memphis understand that Invisalign is a significant investment and offer various payment plans to make it more accessible.

Here are some reputable orthodontists and dental practices in Memphis that commonly offer Invisalign and flexible payment options. **It's crucial to schedule a consultation with a few of them to get an exact quote and discuss their specific financing plans, as these can vary.**

### Orthodontists in Memphis Offering Invisalign with Payment Plans:

1.  **Memphis Orthodontic Specialists (Dr. Scott Lee & Dr. Andy St. Clair)**
    *   **Locations:** Multiple locations (East Memphis, Bartlett, Collierville).
    *   **Payment Plans:** They are well-known for offering flexible payment options. Their website often mentions interest-free payment plans, acceptance of most insurance plans, and working with third-party financing like CareCredit.
    *   **Website:** [Memphis Orthodontic Specialists](https://www.memphisorthodontic.com/)

2.  **Wilson & Hendrickson Orthodontics**
    *   **Locations:** East Memphis, Germantown.
    *   **Payment Plans:** They emphasize affordable treatment and flexible payment plans to fit your budget. They typically offer in-house financing options and accept CareCredit.
    *   **Website:** [Wilson & Hendrickson Orthodontics](https://www.wilsonhendricksonortho.com/)

3.  **Johnson Orthodontics (Dr. Mark Johnson)**
    *   **Locations:** East Memphis.
    *   **Payment Plans:** Dr. Johnson's office states they offer affordable treatment options with flexible, interest-free payment plans. They also accept most insurance and work with CareCredit.
    *   **Website:** [Johnson Orthodontics](https://www.drjohnsonorthodontics.com/)

4.  **Oseman Orthodontics**
    *   **Location:** East Memphis.
    *   **Payment Plans:** They aim to make orthodontic treatment affordable and often offer flexible financing options tailored to individual needs, including in-house plans and CareCredit.
    *   **Website:** [Oseman Orthodontics](https://www.osemanortho.com/)

5.  **Smileology (Multiple Dentists/Locations)**
    *   **Locations:** Various locations in the Memphis area.
    *   **Payment Plans:** As a larger dental group, they usually have standardized payment options, including flexible financing, in-house payment plans, and acceptance of CareCredit.
    *   **Website:** [Smileology](https://www.smileologymemphis.com/) (or search for their specific Memphis locations)

6.  **Brident Dental & Orthodontics**
    *   **Locations:** Multiple locations in Memphis.
    *   **Payment Plans:** Brident is known for offering a range of financial solutions, including flexible financing options and payment plans to help manage the cost of treatment.
    *   **Website:** [Brident Dental & Orthodontics](https://www.brident.com/)

### General Types of Payment Plans You Can Expect:

*   **In-house Financing:** Many orthodontists offer interest-free monthly payment plans spread out over the duration of your treatment. This usually requires an initial down payment.
*   **Third-Party Financing:** Companies like **CareCredit** and **LendingPoint** specialize in healthcare financing. They offer various plans, including interest-free periods (if paid in full within a certain timeframe) or low-interest extended payment options.
*   **Dental Insurance:** If your dental insurance plan has orthodontic benefits, they can often cover a portion of the cost of Invisalign (sometimes up to a lifetime maximum). The office staff can help you verify your benefits.
*   **Flexible Spending Accounts (FSA) / Health Savings Accounts (HSA):** You can use pre-tax dollars from these accounts to pay for Invisalign treatment.
*   **Discounts for Paying in Full:** Some practices offer a small discount if you pay the entire treatment cost upfront.

### Tips for Finding the Best Fit:

1.  **Schedule Multiple Consultations:** Most orthodontists offer free initial consultations. This is your chance to meet the doctor, discuss your specific needs, see the proposed treatment plan, and most importantly, get a detailed cost breakdown and explore payment options.
2.  **Ask Specific Questions:**
    *   What is the total cost of Invisalign treatment? Are there any hidden fees?
    *   What are your down payment requirements?
    *   What are the monthly payment options and terms? Is it interest-free?
    *   Do you accept my dental insurance? How much will they cover?
    *   Do you work with CareCredit or other third-party financing?
    *   Are there any discounts for paying in full?
3.  **Compare:** Don't hesitate to compare the treatment plans, costs, and payment options from a few different offices before making a decision.

Good luck with your search for the perfect Invisalign provider in Memphis!",2025-11-13 15:06:21.247294
Saddle Creek Orthodontics,5,What are the top-rated Invisalign options in Memphis?,0,0.0,,0.2358787419651056,"When looking for ""top-rated"" Invisalign options in Memphis, it's best to focus on experienced orthodontists who are highly rated by patients and have a high volume of Invisalign cases, often indicated by their Invisalign Provider Level (e.g., Diamond Plus, Diamond, Platinum).

Here are some of the consistently well-regarded orthodontic practices in Memphis and the surrounding area that frequently offer Invisalign:

1.  **Memphis Orthodontic Specialists (Dr. Kyle Scarborough & Team)**
    *   **Why they're often recommended:** They are a dedicated orthodontic practice with multiple locations across the Memphis metro area (East Memphis, Cordova, Collierville). Dr. Scarborough is typically a very high-tier Invisalign provider (often Diamond or Diamond Plus), indicating extensive experience. They consistently receive excellent patient reviews for their professionalism, friendly staff, and effective results.
    *   **Locations:** East Memphis, Cordova, Collierville.

2.  **Orthodontic Specialists (various doctors, often associated with a larger group)**
    *   **Why they're often recommended:** Similar to Memphis Orthodontic Specialists, this group often has multiple experienced orthodontists and locations. They are well-established and focus solely on orthodontics, including a strong emphasis on Invisalign. Look for individual doctors within this group who have high Invisalign provider levels.
    *   **Locations:** Various throughout Memphis and surrounding suburbs.

3.  **Germantown Orthodontics (Dr. John L. Baker)**
    *   **Why they're often recommended:** Dr. Baker is a highly respected orthodontist in the Germantown area, known for a modern office, excellent patient care, and consistently great results with Invisalign. They also typically hold high Invisalign provider distinctions.
    *   **Location:** Germantown.

4.  **Signature Orthodontics (Dr. John M. Miller)**
    *   **Why they're often recommended:** Dr. Miller has a strong reputation for personalized care and achieving excellent outcomes with various orthodontic treatments, including Invisalign. Patients frequently praise his attention to detail and friendly approach.
    *   **Location:** East Memphis.

5.  **Allen & Allen Orthodontics (Dr. Roger Allen & Dr. Timothy Allen)**
    *   **Why they're often recommended:** A well-established practice with a long history in the Memphis area, the Allen brothers are known for their expertise and patient-centered care. They offer comprehensive orthodontic services, including Invisalign, and have a loyal patient base.
    *   **Locations:** East Memphis, Bartlett.

**Key Factors to Consider When Choosing an Invisalign Provider:**

*   **Orthodontist vs. General Dentist:** While many general dentists offer Invisalign, orthodontists have 2-3 extra years of specialized training specifically in tooth movement and jaw alignment. For complex cases or the most predictable results, an orthodontist is generally recommended.
*   **Invisalign Provider Level:** This is a crucial indicator of experience.
    *   **Diamond Plus:** Treats over 200 cases per year and has treated over 1,000 cases lifetime.
    *   **Diamond:** Treats over 200 cases per year.
    *   **Platinum Elite/Platinum:** Treats a high volume of cases, but less than Diamond.
    *   **Gold/Silver/Bronze:** Treat fewer cases.
    *   Higher levels generally mean more experience with various types of cases.
*   **Patient Reviews:** Check Google Reviews, Yelp, and other independent review sites for feedback on patient experience, staff friendliness, communication, and treatment outcomes.
*   **Consultation:** Most orthodontists offer free initial consultations. This is your chance to meet the doctor, discuss your specific needs, see the office, and get a feel for their approach. Don't hesitate to visit a few different practices.
*   **Technology:** Ask if they use an iTero digital scanner (which makes the impression process much more comfortable and accurate than traditional putty molds).
*   **Cost and Financing:** Get a clear understanding of the total cost, what's included, and available payment plans.

I highly recommend visiting the websites of a few of these practices, reading their latest reviews, and scheduling initial consultations to find the best fit for your specific needs and preferences. ||| Determining the ""top-rated"" Invisalign provider can be subjective, as what's best for one person might not be for another. However, based on patient reviews, experience levels (especially Invisalign provider tiers), and reputation in the Memphis area, here are several highly-regarded orthodontic practices known for their Invisalign services.

**Key Factors to Consider When Choosing:**
*   **Orthodontist vs. General Dentist:** While some general dentists offer Invisalign, an orthodontist is a specialist in tooth movement and bite correction, often handling more complex cases and having extensive experience.
*   **Invisalign Provider Status:** Look for designations like Platinum, Diamond, or even Black Diamond Provider. These indicate a high volume of successful Invisalign cases treated, suggesting significant experience.
*   **Patient Reviews & Testimonials:** Check Google Reviews, Yelp, Healthgrades, etc. for consistent positive feedback regarding their Invisalign results and patient experience.
*   **Consultation & Technology:** A good office will offer a comprehensive initial consultation, explain the treatment plan clearly, and utilize advanced technology (like iTero scans for precise planning).
*   **Cost & Insurance:** Discuss pricing, payment plans, and insurance coverage upfront.
*   **Comfort & Rapport:** You'll be visiting this office regularly, so ensure you feel comfortable with the staff and doctor.

**Highly-Regarded Invisalign Providers in Memphis (Based on Public Information):**

1.  **Prillaman & Prillaman Orthodontics:**
    *   Often mentioned as a top choice in Memphis for comprehensive orthodontic care.
    *   Known for their experienced, board-certified orthodontists and commitment to patient satisfaction.
    *   Likely a high-volume Invisalign provider given their reputation.

2.  **Memphis Orthodontic Specialists:**
    *   A well-established practice with multiple board-certified orthodontists.
    *   They emphasize personalized treatment plans and have extensive experience with Invisalign for various cases.

3.  **NASH Orthodontics:**
    *   Another highly-rated orthodontic practice serving the Memphis area.
    *   Patients frequently praise their friendly staff, modern office, and effective results with Invisalign.

4.  **Mid-South Orthodontics:**
    *   Offers comprehensive orthodontic care, with a strong focus on advanced technologies like Invisalign.
    *   Known for a patient-centered approach and excellent communication.

5.  **Germantown Orthodontics / Collierville Orthodontics / Arlington Orthodontics (Dr. John F. St. Clair):**
    *   These practices serve the greater Memphis metro area and often receive excellent reviews for their orthodontic services, including Invisalign. Dr. St. Clair is a frequently recognized name in the region.

6.  **Memphis Center for Aesthetic Dentistry (Dr. Scott Young):**
    *   While primarily a cosmetic dentistry practice, Dr. Young is highly skilled and often recommended for comprehensive smile makeovers which can include Invisalign as a key component. May be a good option if you're looking for broader aesthetic dental work in addition to straightening your teeth.

**Recommendation:**
It's strongly recommended to schedule initial consultations with **2-3 of these providers**. This will allow you to:
*   Meet the orthodontist and staff in person.
*   Discuss your specific needs, goals, and any concerns.
*   Get a personalized treatment plan and cost estimate for your case.
*   Compare approaches, office environments, and ultimately choose the practice where you feel most confident and comfortable with your Invisalign journey.",2025-11-13 15:06:48.680097
